{
    "TAU A": {
        "ra": 83.63308,
        "dec": 22.01450
    },
    "CAS A": {
        "ra": 350.850000,
        "dec": 58.815000
    },
    "HYA A": {
        "ra": 139.523546,
        "dec": -12.095553
    },
    "VIR A": {
        "ra": 187.70593075958,
        "dec": 12.39112329392
    },  
    "HER A": {
        "ra": 252.783433,
        "dec": 4.993031
    },
    "CYG A": {
        "ra": 299.86815190954,
        "dec": 40.73391573600
    },
    "3C145": {
        "ra": 83.8221,
        "dec": -5.3911
    },
    "3C147": {
        "ra": 85.65057457679,
        "dec": 49.85200936808
    },
    "3C196": {
        "ra": 123.400233708,
        "dec": 48.217398881
    },
    "3C273": {
        "ra": 187.2779153450256,
        "dec": 2.0523885684628
    },
    "3C286": {
        "ra": 202.7845354419433,
        "dec": 30.5091557847521
    },
    "3C295": {
        "ra": 212.835279,
        "dec": 52.202644
    },
    "3C338": {
        "ra": 247.1593515360781,
        "dec": 39.5511754919036
    },
    "3C380": {
        "ra": 277.3824220006990,
        "dec": 48.7461552266057
    },
    "3C47": {
        "ra": 24.1017525068828,
        "dec": 20.9576453099562
    },
    "3C79" : {
        "ra": 47.5003885750890,
        "dec": 17.0996093689207
    },
    "3C91": {
        "ra": 54.4309,
        "dec": 50.7646
    },
    "PSR B0329+54": {
        "ra": 53.2472761737830,
        "dec": 54.5791799726083
    },
    "PSR B0531+21": {
        "ra": 83.63307625,
        "dec": 22.01449328
    },
    "PSR B0809+74": {
        "ra": 123.747917,
        "dec": 74.484917
    },
    "PSR B0950+08": {
        "ra": 148.2887,
        "dec": 7.9266
    },
    "PSR B1133+16": {
        "ra": 174.013250,
        "dec": 15.852672
    },
    "PSR B1237+25": {
        "ra": 189.918275,
        "dec": 24.897186
    },
    "PSR B1310+18": {
        "ra": 198.229,
        "dec": 18.166
    },
    "PSR B1508+55": {
        "ra": 227.3570,
        "dec": 55.5258
    },
    "PSR B1540-06": {
        "ra": 235.8756579,
        "dec": -6.3459028
    },
    "PSR B1604-00": {
        "ra": 241.8004308,
        "dec": -0.5446750
    },
    "PSR B1839+56": {
        "ra": 280.185867,
        "dec": 56.682075
    },
    "PSR B1919+21": {
        "ra": 290.436729,
        "dec": 21.883958
    },
    "PSR B2217+47": {
        "ra": 334.950579,
        "dec": 47.914981
    },
    "PSR J1238+2152": {
        "ra": 189.59654,
        "dec": 21.86975
    },
    "PSR J1246+2253": {
        "ra": 191.658,
        "dec": 22.883
    },
    "PSR J1503+2111": {
        "ra": 225.97750,
        "dec": 21.18592
    },
    "PSR J2145-0750": {
        "ra": 326.46029,
        "dec": -7.83842
    }
}

