{
    "25mhz_filter": {
        "gain": [5.0965, 2.3284, 1.0268, 0.4399, 0.2113, 0.119 , 0.0822, 0.0686,
            0.0656, 0.0683, 0.0728, 0.077 , 0.0795, 0.0799, 0.0783, 0.0751,
            0.071 , 0.0667, 0.0629, 0.061 , 0.0614, 0.063 , 0.0651, 0.0672,
            0.0694, 0.0714, 0.0728, 0.0739, 0.0751, 0.0769, 0.0797, 0.0837,
            0.0889, 0.0952, 0.1027, 0.1114, 0.1212, 0.1318, 0.1434, 0.1562,
            0.17  , 0.1841, 0.1971, 0.2072, 0.2135, 0.2168, 0.2175, 0.2159,
            0.2121, 0.207 , 0.2022, 0.1985, 0.1974, 0.2001, 0.2063, 0.2148,
            0.2246, 0.2348, 0.2462, 0.26  , 0.2783, 0.304 , 0.339 , 0.3846,
            0.4425, 0.5167, 0.6183, 0.7689, 1.0086, 1.4042, 2.0732],
        "frequency": [15, 16, 17, 18, 19, 20, 21, 22, 23, 24, 25, 26, 27, 28, 29, 30, 31,
            32, 33, 34, 35, 36, 37, 38, 39, 40, 41, 42, 43, 44, 45, 46, 47, 48,
            49, 50, 51, 52, 53, 54, 55, 56, 57, 58, 59, 60, 61, 62, 63, 64, 65,
            66, 67, 68, 69, 70, 71, 72, 73, 74, 75, 76, 77, 78, 79, 80, 81, 82,
            83, 84, 85]
    },
    "no_filter": {
        "gain": [0.10013092, 0.089890949, 0.081546574, 0.075955480, 0.072064591,
            0.068950457, 0.066236705, 0.064179705, 0.062923505, 0.062132904,
            0.061800549, 0.061484290, 0.061616068, 0.061759663, 0.061928214,
            0.061900732, 0.061936201, 0.062124733, 0.062090440, 0.061555592,
            0.060303211, 0.059628791, 0.059248143, 0.058920346, 0.057928562,
            0.055160181, 0.055440449, 0.055829115, 0.056653507, 0.058313938,
            0.060922565, 0.064623022, 0.068727945, 0.073416374, 0.078591885,
            0.084412418, 0.091211103, 0.099186442, 0.10758862, 0.11569274,
            0.12335340, 0.13096823, 0.13794134, 0.14618132, 0.15599310,
            0.16735828, 0.17912712, 0.19143212, 0.20464949, 0.20704352,
            0.20215106, 0.19854271, 0.19740940, 0.20007125, 0.20628445,
            0.21481960, 0.22461089, 0.23483691, 0.24618523, 0.26003494,
            0.27834649, 0.30401477, 0.33904178, 0.38457070, 0.44247889,
            0.51667921, 0.61829610, 0.76892301, 1.0086234, 1.4041890, 2.0731688],
        "frequency": [15, 16, 17, 18, 19, 20, 21, 22, 23, 24, 25, 26, 27, 28, 29, 30, 31,
            32, 33, 34, 35, 36, 37, 38, 39, 40, 41, 42, 43, 44, 45, 46, 47, 48,
            49, 50, 51, 52, 53, 54, 55, 56, 57, 58, 59, 60, 61, 62, 63, 64, 65,
            66, 67, 68, 69, 70, 71, 72, 73, 74, 75, 76, 77, 78, 79, 80, 81, 82,
            83, 84, 85]
    }
}


