{
    "Ant01": {
        "position": [-5.50000000e+00, -9.52627850e+00, 0.00000000e+00]
    },
    "Ant02": {
        "position": [ 0.00000000e+00, -9.52627850e+00, 0.00000000e+00]
    },
    "Ant03": {
        "position": [ 5.50000000e+00, -9.52627850e+00, 0.00000000e+00]
    },
    "Ant04": {
        "position": [-8.25000000e+00, -4.76313877e+00, 0.00000000e+00]
    },
    "Ant05": {
        "position": [-2.75000000e+00, -4.76313877e+00, 0.00000000e+00]
    },
    "Ant06": {
        "position": [ 2.75000000e+00, -4.76313877e+00, 0.00000000e+00]
    },
    "Ant07": {
        "position": [ 8.25000000e+00, -4.76313877e+00, 0.00000000e+00]
    },
    "Ant08": {
        "position": [-1.10000000e+01,  9.53674316e-07, 0.00000000e+00]
    },
    "Ant09": {
        "position": [-5.50000000e+00,  9.53674316e-07, 0.00000000e+00]
    },
    "Ant10": {
        "position": [ 0.00000000e+00,  9.53674316e-07, 0.00000000e+00]
    },
    "Ant11": {
        "position": [ 5.50000000e+00,  9.53674316e-07, 0.00000000e+00]
    },
    "Ant12": {
        "position": [ 1.10000000e+01,  9.53674316e-07, 0.00000000e+00]
    },
    "Ant13": {
        "position": [-8.25000000e+00,  4.76314068e+00, 0.00000000e+00]
    },
    "Ant14": {
        "position": [-2.75000000e+00,  4.76314068e+00, 0.00000000e+00]
    },
    "Ant15": {
        "position": [ 2.75000000e+00,  4.76314068e+00, 0.00000000e+00]
    },
    "Ant16": {
        "position": [ 8.25000000e+00,  4.76314068e+00, 0.00000000e+00]
    },
    "Ant17": {
        "position": [-5.50000000e+00,  9.52628040e+00, 0.00000000e+00]
    },
    "Ant18": {
        "position": [ 0.00000000e+00,  9.52628040e+00, 0.00000000e+00]
    },
    "Ant19": {
        "position": [ 5.50000000e+00,  9.52628040e+00, 0.00000000e+00]
    }
}
