{
    "cas a": {
        "ra": 350.85,
        "dec": 58.815
    },
    "cyg a": {
        "ra": 299.86815191,
        "dec": 40.73391574
    },
    "tau a": {
        "ra": 83.63308333,
        "dec": 22.0145
    },
    "her a": {
        "ra": 252.7834333,
        "dec": 4.9930306
    },
    "hya a": {
        "ra": 139.5235458,
        "dec": -12.0955528
    },
    "vir a": {
        "ra": 187.705930759583,
        "dec": 12.391123293917
    }
}